name,x,y,value
黄陂区,114.323981, 30.888003,24
东西湖区,114.037116, 30.683843,5
蔡甸区,113.965582, 30.466047,1
汉南区,113.941924, 30.313071,22
江夏区,114.328789, 30.220889,4
洪山区,114.349486, 30.50543,2
江岸区,114.266716, 30.645693,4
江汉区,114.200334, 30.609433,11
硚口区,114.160993, 30.588782,3
汉阳区,114.183867, 30.531172,15
武昌区,114.322753, 30.559431,17
青山区,114.391168, 30.626713,6
新洲区,114.625446, 30.72895,3